<?xml version="1.0" encoding="utf-8"?>
<!DOCTYPE hibernate-configuration PUBLIC "-//Hibernate/Hibernate Configuration DTD 3.0//EN" "http://hibernate.sourceforge.net/hibernate-configuration-3.0.dtd">
<hibernate-configuration>
	<session-factory>
		<property name="hibernate.connection.driver_class">com.microsoft.sqlserver.jdbc.SQLServerDriver</property>
		<property name="hibernate.connection.url">jdbc:sqlserver://localhost:1433;databaseName=DNB_DB</property>
		<property name="hibernate.connection.username">testuser</property>
		<property name="hibernate.connection.password">testuser</property>
		<property name="hibernate.dialect">org.hibernate.dialect.SQLServer2012Dialect</property>
		<property name="show_sql">true</property>
		<mapping class="com.dnb.model.Accomodation" />
		<mapping class="com.dnb.model.Owns" />
		<mapping class="com.dnb.model.Bankcrmlead" />
		<mapping class="com.dnb.model.Coowners" />
		<mapping class="com.dnb.model.Interests" />
		<mapping class="com.dnb.model.Person" />
		<mapping class="com.dnb.model.Personrelations" />
		<mapping class="com.dnb.model.Visits" />
	</session-factory>
</hibernate-configuration>